{
  "manifest": {
    "publishingInformation": {
      "locales": {
        "en-IN": {
          "summary": "Through this skills user is calculate his/her age directly.",
          "examplePhrases": [
            "Alexa, ask calculate my age."
          ],
          "keywords": [
            "age",
            "calculate",
            "age",
            "math",
            "calculator"
          ],
          "name": "Calculate My Age",
          "description": "This Skills can help the user to calculate age by given the date of birth.\nhere are a few one-slot utterance samples to enjoy the skills.\n:- To calculate age just say - Alexa, ask calculate my age.\n:- To register my birthday just say - Alexa, register my birthday\n:- To register your day just say - 1st, 2nd like that\n:- To register  your month just say - January, February, March, April, May, June, July, August, September, October, November, December",
          "smallIconUri": "file://assets/images/en-IN_smallIconUri.png",
          "largeIconUri": "file://assets/images/en-IN_largeIconUri.png"
        }
      },
      "automaticDistribution": {
        "sourceLocaleForLanguages": [
          {
            "sourceLocale": "en-IN",
            "language": "en"
          }
        ],
        "isActive": true
      },
      "isAvailableWorldwide": false,
      "testingInstructions": "Simply invoke the skill",
      "category": "CHILDRENS_MATH",
      "distributionMode": "PUBLIC",
      "distributionCountries": [
        "IN"
      ]
    },
    "apis": {
      "custom": {
        "endpoint": {
          "uri": "arn:aws:lambda:us-east-1:073379398509:function:53ad48cd-b234-4841-87f8-c98bcca6c42b:Release_0"
        },
        "interfaces": [],
        "regions": {
          "EU": {
            "endpoint": {
              "uri": "arn:aws:lambda:eu-west-1:073379398509:function:53ad48cd-b234-4841-87f8-c98bcca6c42b:Release_0"
            }
          },
          "NA": {
            "endpoint": {
              "uri": "arn:aws:lambda:us-east-1:073379398509:function:53ad48cd-b234-4841-87f8-c98bcca6c42b:Release_0"
            }
          },
          "FE": {
            "endpoint": {
              "uri": "arn:aws:lambda:us-west-2:073379398509:function:53ad48cd-b234-4841-87f8-c98bcca6c42b:Release_0"
            }
          }
        }
      }
    },
    "manifestVersion": "1.0",
    "permissions": [
      {
        "name": "alexa::profile:name:read"
      },
      {
        "name": "alexa::profile:email:read"
      },
      {
        "name": "alexa::profile:mobile_number:read"
      }
    ],
    "privacyAndCompliance": {
      "allowsPurchases": false,
      "locales": {
        "en-IN": {
          "privacyPolicyUrl": "https://sites.google.com/view/alexa-skills-pp/home"
        }
      },
      "containsAds": false,
      "isExportCompliant": true,
      "isChildDirected": false,
      "shoppingKit": {
        "isShoppingActionsEnabled": false,
        "isAmazonAssociatesOnAlexaEnabled": false
      },
      "usesPersonalInfo": true
    }
  }
}